name,nim,email,quiz1,quiz2,quiz3,project1,project2,paper,midterm,finalterm,presence,total
Nama,NIM,email,Kuis 1,Kuis 2,Kuis 3,Tugas Besar 1,Tugas Besar 2,Makalah,UTS,UAS,Kehadiran,Nilai Akhir
0,0,0,0.666666,0.666666,0.666666,0.1,0.1,0.075,0.25,0.25,0.025,1
Nayaka,23523420,nayaka@email.com,40,50,60,91.5,106,85,91.5,70,100,84
Varis,23523699,varis@email.com,69420,69420,69420,69420,69420,69420,69420,69420,100,69420 
Nau,23523666,nau@email.com,100,100,100,100,100,100,100,100,100,100
Elsienfi,28223420,elsienfi@email.com,80,90,100,90,420,80,90,100,100,95
fajar2k5,13523333,fajar2k5@email.com,2005,2005,2005,2005,2005,2005,2005,2005,100,69420
Omar Diamond,28223699,omar@email.com,99,99,100,99,99,100,99,99,80,99